id,name,surname
1,Joanna,Martin
2,Ashley,Lee
3,Michelle,Davis
4,Amy,Henderson
5,Larry,Day
6,Wayne,Colon
7,Jeff,Harris
8,Mark,Phillips
9,Karen,Hill
10,Cheryl,Young
11,Brian,Moore
12,Caroline,Mack
13,Ashley,Thompson
14,Sarah,Rodriguez
15,Amanda,Anderson
16,Kayla,Wilson
17,Jeffrey,Andrews
18,Lance,Salinas
19,Janet,Robinson
20,James,Johnson
21,Michael,Russell
22,David,Jarvis
23,Meghan,Stone
24,Ashley,Torres
25,Timothy,Franco
26,Gloria,George
27,Kimberly,Banks
28,Matthew,Lewis
29,Patrick,Palmer
30,Amber,Mcclain
31,Nathaniel,Hall
32,John,Martinez
33,William,Nelson
34,Joshua,Morales
35,Brian,Martin
36,Jill,Hernandez
37,Judy,Hanson
38,Evan,Jackson
39,Travis,Hendricks
40,Thomas,Carter
41,Cynthia,Cole
42,Debra,Wall
43,Anne,Lawrence
44,Thomas,Bailey
45,Joshua,Lindsey
46,Robert,Peters
47,Karen,Ali
48,Jason,Bailey
49,Howard,Taylor
50,Christina,Johnson
51,Steven,Gonzales
52,Sabrina,Nelson
53,Aaron,Kim
54,Hannah,Martin
55,Steven,Ray
56,Nathan,Campos
57,Phillip,Cervantes
58,Danielle,Compton
59,Erin,Mitchell
60,Jason,Spence
61,Isabella,Bryant
62,Amy,Wagner
63,Sandra,Olsen
64,Amanda,Ramirez
65,Robin,Garcia
66,Mary,Williams
67,Randall,Velasquez
68,Theresa,Griffin
69,Natasha,Mullins
70,Rebecca,Nguyen
71,Joe,Hansen
72,Timothy,Bailey
73,Karl,Conrad
74,Cory,White
75,Dan,Bridges
76,Donald,Gomez
77,Robert,Mendez
78,Nicholas,Buck
79,Megan,Jackson
80,Lisa,Kim
81,Jesse,Atkins
82,Brian,Sanders
83,Austin,Lynn
84,Thomas,Nielsen
85,Jerry,Newman
86,Ryan,Wolfe
87,Kenneth,Boyd
88,Theresa,Smith
89,Michael,Stone
90,Charles,Gomez
91,Jessica,Steele
92,Jeffery,Young
93,Sandra,Crawford
94,Evan,Knapp
95,Patricia,Carter
96,Rachel,Thornton
97,Johnny,Noble
98,Shirley,Clark
99,Marie,Young
100,Jonathan,Soto
